,Title,Author,Main Genre,Sub Genre,Type,Price,Rating,No. of People rated,URLs
0,The Complete Novel of Sherlock Holmes,Arthur Conan Doyle,"Arts, Film & Photography",Cinema & Broadcast,Paperback,₹169.00,4.4,19923,https://www.amazon.in/Complete-Novels-Sherlock-Holmes/dp/8175994312/ref=zg_bs_g_1318054031_d_sccl_1/000-0000000-0000000?psc=1
1,"Black Holes (L) : The Reith Lectures [Paperback] Hawking, Stephen",Stephen Hawking,"Arts, Film & Photography",Cinema & Broadcast,Paperback,₹99.00,4.5,7686,https://www.amazon.in/Black-Holes-Lectures-Stephen-Hawking/dp/085750357X/ref=zg_bs_g_1318054031_d_sccl_2/000-0000000-0000000?psc=1
2,The Kite Runner,Khaled Hosseini,"Arts, Film & Photography",Cinema & Broadcast,Kindle Edition,₹175.75,4.6,50016,https://www.amazon.in/Kite-Runner-Khaled-Hosseini-ebook/dp/B00B0CR0O6/ref=zg_bs_g_1318054031_d_sccl_3/000-0000000-0000000?psc=1
3,Greenlights: Raucous stories and outlaw wisdom from the Academy Award-winning actor,Matthew McConaughey,"Arts, Film & Photography",Cinema & Broadcast,Paperback,₹389.00,4.6,32040,https://www.amazon.in/Greenlights-Raucous-stories-Academy-Award-winning/dp/1472280873/ref=zg_bs_g_1318054031_d_sccl_4/000-0000000-0000000?psc=1
4,"The Science of Storytelling: Why Stories Make Us Human, and How to Tell Them Better",Will Storr,"Arts, Film & Photography",Cinema & Broadcast,Paperback,₹348.16,4.5,1707,https://www.amazon.in/Science-Storytelling-Will-Storr/dp/0008276978/ref=zg_bs_g_1318054031_d_sccl_5/000-0000000-0000000?psc=1
89,Concepts Of Vocal Music Class 12 (Second Edition),Pt. Satish Chandra Srivastava,"Arts, Film & Photography",Music,Hardcover,₹159.00,4.5,8,https://www.amazon.in/Concepts-Vocal-Music-Class-Second/dp/B09Z5ZMJR2/ref=zg_bs_g_1318059031_d_sccl_10/000-0000000-0000000?psc=1
90,"Piano Adventures, Primer Level, Lesson Book",Nancy Faber,"Arts, Film & Photography",Music,Paperback,₹772.00,4.8,6322,https://www.amazon.in/Piano-Adventures-Lesson-Primer-Level/dp/1616770759/ref=zg_bs_g_1318059031_d_sccl_11/000-0000000-0000000?psc=1
91,Ganamrutha Bodhini Sangeetha Bala Padam English & Varna Malika (English) latest versions,Sangeetha Vidwan A.S. Panchapakesa Iyer,"Arts, Film & Photography",Music,Paperback,₹850.00,4.6,82,https://www.amazon.in/Ganamrutha-Bodhini-Sangeetha-English-versions/dp/B08W5833SN/ref=zg_bs_g_1318059031_d_sccl_12/000-0000000-0000000?psc=1
92,Trinity College London Piano Exam Pieces Plus Exercises from 2023: Grade 1: Extended Edition: 21 Pieces for Trinity College London Exams from 2023,Trinity College London,"Arts, Film & Photography",Music,Sheet music,"₹1,552.00",4.4,5,https://www.amazon.in/Trinity-College-London-Pieces-Exercises/dp/1804903280/ref=zg_bs_g_1318059031_d_sccl_13/000-0000000-0000000?psc=1
93,Best of Taylor Swift : Song collection,Aishi,"Arts, Film & Photography",Music,Paperback,₹260.00,3.9,9,https://www.amazon.in/Best-Taylor-Swift-Song-collection/dp/1649513844/ref=zg_bs_g_1318059031_d_sccl_14/000-0000000-0000000?psc=1
94,Learn Your Fretboard: The Essential Memorization Guide for Guitar (Book + Online Bonus),Luke Zecchin,"Arts, Film & Photography",Music,Paperback,₹647.00,4.4,464,https://www.amazon.in/Learn-Your-Fretboard-Essential-Memorization/dp/0992550726/ref=zg_bs_g_1318059031_d_sccl_15/000-0000000-0000000?psc=1
95,Bollywood Odyssey: The Singing Taxman's Journey Into Film Music,Ajay Mankotia,"Arts, Film & Photography",Music,Paperback,₹675.00,4.4,11,https://www.amazon.in/Bollywood-Odyssey-Singing-Taxmans-Journey/dp/9391800475/ref=zg_bs_g_1318059031_d_sccl_16/000-0000000-0000000?psc=1
96,"ABRSM Grade 3 Theory Workbook, Discovering Music Theory(New Syllabus 2021)",ABRSM Publication,"Arts, Film & Photography",Music,Paperback,₹990.00,4.7,4,https://www.amazon.in/ABRSM-Theory-Workbook-Discovering-Syllabus/dp/B09QJTNHT1/ref=zg_bs_g_1318059031_d_sccl_17/000-0000000-0000000?psc=1
97,"Solfège Des Solfèges, Complete, Book I, Book II and Book III: 337 Sight Singing Exercises",A. Dannhäuser,"Arts, Film & Photography",Music,Paperback,"₹2,349.00",4.7,5,https://www.amazon.in/Solf%C3%A8ge-Solf%C3%A8ges-Complete-Book-III/dp/1544687478/ref=zg_bs_g_1318059031_d_sccl_18/000-0000000-0000000?psc=1
98,A History of Heavy Metal: 'Absolutely hilarious' – Neil Gaiman,Andrew O'Neill,"Arts, Film & Photography",Music,Paperback,₹649.00,4.4,549,https://www.amazon.in/History-Heavy-Metal-Andrew-ONeill/dp/1472241452/ref=zg_bs_g_1318059031_d_sccl_19/000-0000000-0000000?psc=1
99,John Thompson's Modern Course for the Piano 1,John Thompson,"Arts, Film & Photography",Music,Paperback,₹740.00,4.6,88,https://www.amazon.in/Thompsons-Modern-Course-First-Grade/dp/1780388640/ref=zg_bs_g_1318059031_d_sccl_20/000-0000000-0000000?psc=1
200,"Tuesdays With Morrie: An old man, a young man, and life's greatest lesson [Paperback] Albom, Mitch",Mitch Albom,"Biographies, Diaries & True Accounts",Biographies & Autobiographies,Paperback,₹197.00,4.6,25023,https://www.amazon.in/Tuesdays-Morrie-greatest-lesson-Paperback/dp/0751527378/ref=zg_bs_g_1318065031_d_sccl_1/000-0000000-0000000?psc=1
201,Chautha Ank'Autobiography Ravindra Mahajani चौथा अंक माधवी रवींद्र महाजनी,Madhavi Ravindra Mahajani,"Biographies, Diaries & True Accounts",Biographies & Autobiographies,Single Issue Magazine,₹163.00,5,6,https://www.amazon.in/Chautha-AnkAutobiography-Ravindra-Mahajani-%E0%A4%B0%E0%A4%B5%E0%A5%80%E0%A4%82%E0%A4%A6%E0%A5%8D%E0%A4%B0/dp/8196540531/ref=zg_bs_g_1318065031_d_sccl_2/000-0000000-0000000?psc=1
202,Nenu (Atmakatha in Telugu),Brahmanandam,"Biographies, Diaries & True Accounts",Biographies & Autobiographies,Paperback,₹259.00,4.6,131,https://www.amazon.in/Nenu-Atmakatha-Telugu-Brahmanandam/dp/B0CQYLL2W2/ref=zg_bs_g_1318065031_d_sccl_3/000-0000000-0000000?psc=1
203,An Uncommon Love: The Early Life of Sudha and Narayana Murthy,Chitra Banerjee Divakaruni,"Biographies, Diaries & True Accounts",Biographies & Autobiographies,Hardcover,₹519.00,4.5,69,https://www.amazon.in/Uncommon-Love-Early-Narayana-Murthy/dp/9353456444/ref=zg_bs_g_1318065031_d_sccl_4/000-0000000-0000000?psc=1
204,Chautha Ank [Ravindra Mahajani] - Marathi,Madhavi Ravindra Mahajani,"Biographies, Diaries & True Accounts",Biographies & Autobiographies,Paperback,₹200.00,4.7,5,https://www.amazon.in/Chautha-Ank-Ravindra-Mahajani-Marathi/dp/B0CTMCPDKQ/ref=zg_bs_g_1318065031_d_sccl_5/000-0000000-0000000?psc=1
205,Make You Bed,William H. McRaven,"Biographies, Diaries & True Accounts",Biographies & Autobiographies,Hardcover,₹209.00,4.5,20651,https://www.amazon.in/Make-Your-Bed-William-McRaven/dp/0718188861/ref=zg_bs_g_1318065031_d_sccl_6/000-0000000-0000000?psc=1
300,The 7 Habits of Highly Effective People: Infographics Edition: Powerful Lessons in Personal Change,Stephen R. Covey,Business & Economics,Analysis & Strategy,Kindle Edition,₹136.78,4.5,18213,https://www.amazon.in/Habits-Highly-Effective-People-Powerful-ebook/dp/B01069X4H0/ref=zg_bs_g_1318070031_d_sccl_1/000-0000000-0000000?psc=1
301,The Psychology of Money,Morgan Housel,Business & Economics,Analysis & Strategy,Paperback,₹275.00,4.6,59634,https://www.amazon.in/Psychology-Money-Morgan-Housel/dp/9390166268/ref=zg_bs_g_1318070031_d_sccl_2/000-0000000-0000000?psc=1
302,Breakout Trading Made Easy: Maximize Your Profits with Simple Price Action Strategies,Sunil Gurjar,Business & Economics,Analysis & Strategy,Paperback,₹299.00,4.8,1408,https://www.amazon.in/Breakout-Trading-Made-Easy-Strategies/dp/8119153987/ref=zg_bs_g_1318070031_d_sccl_3/000-0000000-0000000?psc=1
303,"The Psychology of Money: Timeless Lessons on Wealth, Greed, and Happiness",Morgan Housel,Business & Economics,Analysis & Strategy,Audible Audiobook,₹668.00,4.6,59634,https://www.amazon.in/Psychology-Money-Timeless-Lessons-Happiness/dp/B08D9VV926/ref=zg_bs_g_1318070031_d_sccl_4/000-0000000-0000000?psc=1
304,A Beginner's Guide to the Stock Market,Matthew R. Kratter,Business & Economics,Analysis & Strategy,Kindle Edition,₹209.00,4.2,17879,https://www.amazon.in/Beginners-Guide-Stock-Market-Everything-ebook/dp/B07S31TBF5/ref=zg_bs_g_1318070031_d_sccl_5/000-0000000-0000000?psc=1
305,Rich Dad Poor Dad: 25th Anniversary Edit,Robert T. Kiyosaki,Business & Economics,Analysis & Strategy,Paperback,₹399.00,4.5,28063,https://www.amazon.in/Rich-Dad-Poor-Middle-Anniversary/dp/1612681131/ref=zg_bs_g_1318070031_d_sccl_6/000-0000000-0000000?psc=1
450,"My First Shaped Board book - Elephant, Die-Cut Animals, Picture Book for Children",Wonder House Books,Children's Books,Animals & Pets,Board book,₹89.00,4.5,611,https://www.amazon.in/My-First-Shaped-Board-book-Elephant-Die-Cut-Animals-Children/dp/9354404006/ref=zg_bs_g_67803455031_d_sccl_1/000-0000000-0000000?psc=1
451,"My First Shaped Board Book - Dog, Die-Cut Animals, Picture Book for Children",Wonder House Books,Children's Books,Animals & Pets,Board book,₹89.00,4.6,281,https://www.amazon.in/My-First-Shaped-Board-Book-Die-Cut-Animals-Picture-Children/dp/935440393X/ref=zg_bs_g_67803455031_d_sccl_2/000-0000000-0000000?psc=1
452,The Very Hungry Caterpillar [Board book] Eric Carle,Eric Carle,Children's Books,Animals & Pets,Board book,₹262.00,4.7,88951,https://www.amazon.in/Very-Hungry-Caterpillar-Eric-Carle/dp/0241003008/ref=zg_bs_g_67803455031_d_sccl_3/000-0000000-0000000?psc=1
453,Seek And Find - Animals : Early Learning Board Books With Tabs,Wonder House Books,Children's Books,Animals & Pets,Board book,₹199.00,4.5,1541,https://www.amazon.in/Seek-Find-Animals-Early-Learning/dp/9389432359/ref=zg_bs_g_67803455031_d_sccl_4/000-0000000-0000000?psc=1
1894,"My Little Book of Gods and Goddesses Board Book Set of 6 (Illustrated board books on Hindu mythology: Krishna, Lakshmi, Ganesha, Shiva, Durga, Hanuman; for ages 3+)",Ashwitha Jayakumar,Children's Books,Traditional Stories,Board book,₹318.00,4.7,128,https://www.amazon.in/Puffin-EL-Little-Book-Gods/dp/0143453300/ref=zg_bs_g_1318092031_d_sccl_15/000-0000000-0000000?psc=1
1895,Short Stories From Panchatantra - Volume 1: Abridged Illustrated Stories For Children (With Morals),Wonder House Books,Children's Books,Traditional Stories,Paperback,₹55.00,3.9,277,https://www.amazon.in/Short-Stories-Panchatantra-Abridged-Illustrated/dp/9389931282/ref=zg_bs_g_1318092031_d_sccl_16/000-0000000-0000000?psc=1
1896,"Story Books for Kids - Classic Stories (Illustrated) (Set of 10 Books) - Moral Stories - English Short Stories with Colourful Pictures - Bedtime Children Story Book - 3 Years to 10 Years Old Children - Read Aloud to Infants, Toddlers",Maple Press,Children's Books,Traditional Stories,Paperback,₹220.00,4.4,195,https://www.amazon.in/Story-Books-Kids-Illustrated-Colourful/dp/9395976209/ref=zg_bs_g_1318092031_d_sccl_17/000-0000000-0000000?psc=1
1897,The Jungle Book: Illustrated Abridged Children Classics English Novel With Review Questions (Hardback),Wonder House Books,Children's Books,Traditional Stories,Hardcover,₹149.00,4.4,227,https://www.amazon.in/Illustrated-Classics-Abridged-Questions-Hardback/dp/939009304X/ref=zg_bs_g_1318092031_d_sccl_18/000-0000000-0000000?psc=1
1898,My First Pop-Up Fairy Tales - Three Little Pigs : Pop up Books for children,Wonder House Books,Children's Books,Traditional Stories,Hardcover,₹137.00,4.3,368,https://www.amazon.in/My-First-Pop-Up-Fairy-Tales/dp/9354400124/ref=zg_bs_g_1318092031_d_sccl_19/000-0000000-0000000?psc=1
1899,"108 Festival Stories for Kids (Illustrated) - Story Book for Kids - Bedtime Stories - 3 Years to 10 Years Old - English Short Stories for Children - Read Aloud to Infants, Toddlers",Maple Press,Children's Books,Traditional Stories,Paperback,₹126.00,4.4,133,https://www.amazon.in/Festival-Stories-Kids-Maple-Press/dp/9391924689/ref=zg_bs_g_1318092031_d_sccl_20/000-0000000-0000000?psc=1
1900,Tinkle Double Digest No 153,Multiple Writers,Comics & Mangas,Comics,Kindle Edition,₹126.00,4.4,526,https://www.amazon.in/Tinkle-Double-Digest-No-153-ebook/dp/B08L3NPZB7/ref=zg_bs_g_15705395031_d_sccl_1/000-0000000-0000000?psc=1
1901,Attack on Titan Vol. 1,Hajime Isayama,Comics & Mangas,Comics,Kindle Edition,₹513.00,4.6,8642,https://www.amazon.in/Attack-Titan-Vol-Hajime-Isayama-ebook/dp/B00CCOO1HA/ref=zg_bs_g_15705395031_d_sccl_2/000-0000000-0000000?psc=1
1902,Tinkle Double Digest No 155,Multiple Writers,Comics & Mangas,Comics,Kindle Edition,₹126.00,4.4,299,https://www.amazon.in/Tinkle-Double-Digest-No-155-ebook/dp/B08L4TFJJL/ref=zg_bs_g_15705395031_d_sccl_3/000-0000000-0000000?psc=1
1903,Krishna (Amar Chitra Katha),Anant Pai,Comics & Mangas,Comics,Kindle Edition,₹71.40,4.6,1242,https://www.amazon.in/Krishna-Epics-Mythology-ANANT-PAI-ebook/dp/B01NBW0HFH/ref=zg_bs_g_15705395031_d_sccl_4/000-0000000-0000000?psc=1
1904,CHACHA CHAUDHARY AND TEMPLE THIEF: CHACHA CHAUDHARY COMICS,PRAN KUMAR SHARMA,Comics & Mangas,Comics,Kindle Edition,₹227.74,4.4,2390,https://www.amazon.in/CHACHA-CHAUDHARY-TEMPLE-THIEF-COMICS-ebook/dp/B072SX7PT2/ref=zg_bs_g_15705395031_d_sccl_5/000-0000000-0000000?psc=1
1905,Valmiki's Ramayana,Multiple Writers,Comics & Mangas,Comics,Kindle Edition,₹313.95,4.7,569,https://www.amazon.in/Valmikis-Ramayana-Multiple-Writers-ebook/dp/B0B88HQT58/ref=zg_bs_g_15705395031_d_sccl_6/000-0000000-0000000?psc=1
1906,Amazing Spider-Man: Worldwide Collection Vol. 1 (Amazing Spider-Man (2015-2018)),Dan Slott,Comics & Mangas,Comics,Kindle Edition,₹623.81,4.5,320,https://www.amazon.in/Amazing-Spider-Man-Worldwide-Collection-2015-2018-ebook/dp/B07RHQ2PNP/ref=zg_bs_g_15705395031_d_sccl_7/000-0000000-0000000?psc=1
1907,CHACHA CHAUDHARY DIGEST 1: CHACHA CHAUDHARY,PRAN KUMAR SHARMA,Comics & Mangas,Comics,Kindle Edition,₹183.00,4.4,1115,https://www.amazon.in/CHACHA-CHAUDHARY-DIGEST-ebook/dp/B016TNH8LK/ref=zg_bs_g_15705395031_d_sccl_8/000-0000000-0000000?psc=1
1908,Jujutsu kaisen volume -1,GEGE AKUTAMI,Comics & Mangas,Comics,Library Binding,₹180.00,4.1,29,https://www.amazon.in/Jujutsu-kaisen-1-GEGE-AKUTAMI/dp/B0BHSCV18K/ref=zg_bs_g_15705395031_d_sccl_9/000-0000000-0000000?psc=1
2000,Algorithms to Live By: The Computer Science of Human Decisions,Brian Christian,"Computing, Internet & Digital Media",Computer Science,Audible Audiobook,"₹1,008.00",4.5,5660,https://www.amazon.in/Algorithms-Live-Computer-Science-Decisions/dp/B079P5V4ZF/ref=zg_bs_g_1318108031_d_sccl_1/000-0000000-0000000?psc=1
2001,Data Structures and Algorithms Made Easy in Java,Narasimha Karumanchi,"Computing, Internet & Digital Media",Computer Science,Paperback,₹599.00,4.3,1189,https://www.amazon.in/Data-Structures-Algorithms-Made-Easy/dp/8192107558/ref=zg_bs_g_1318108031_d_sccl_2/000-0000000-0000000?psc=1
2002,The Coming Wave,Mustafa Suleyman,"Computing, Internet & Digital Media",Computer Science,Paperback,₹583.00,4.3,1343,https://www.amazon.in/Coming-Wave-Technology-Twenty-First-Centurys/dp/1847927491/ref=zg_bs_g_1318108031_d_sccl_3/000-0000000-0000000?psc=1
2003,Life 3.0 : Being Human in the Age of Artificial Intelligence,Max Tegmark,"Computing, Internet & Digital Media",Computer Science,Paperback,₹389.00,4.4,5273,https://www.amazon.in/Life-3-0-Being-Artificial-Intelligence/dp/0141981806/ref=zg_bs_g_1318108031_d_sccl_4/000-0000000-0000000?psc=1
2004,"The Artificial Intelligence and Generative AI Bible: [5 in 1] The Most Updated and Complete Guide: From Understanding the Basics to Delving into GANs, NLP, Prompts, Deep Learning, and Ethics of AI",Alger Fraley,"Computing, Internet & Digital Media",Computer Science,Audible Audiobook,₹586.00,4.7,29,https://www.amazon.in/Artificial-Intelligence-Generative-Bible-Understanding/dp/B0CTR8GXM5/ref=zg_bs_g_1318108031_d_sccl_5/000-0000000-0000000?psc=1
2005,"SUPERINTELLIGENCE: Paths, Dangers, Strategies",Nick Bostrom,"Computing, Internet & Digital Media",Computer Science,Paperback,₹400.00,4.4,3816,https://www.amazon.in/Superintelligence-Dangers-Strategies-Nick-Bostrom/dp/0198739834/ref=zg_bs_g_1318108031_d_sccl_6/000-0000000-0000000?psc=1
2006,The StatQuest Illustrated Guide to Machine Learning (Full Colour Print),PhD Josh Starmer,"Computing, Internet & Digital Media",Computer Science,Paperback,₹999.00,4.6,133,https://www.amazon.in/StatQuest-Illustrated-Machine-Learning-Colour/dp/B0BRQ4K43L/ref=zg_bs_g_1318108031_d_sccl_7/000-0000000-0000000?psc=1
2007,Data Structure and Algorithmic Thinking with Python,Narasimha Karumanchi,"Computing, Internet & Digital Media",Computer Science,Paperback,₹599.00,4.3,763,https://www.amazon.in/Data-Structure-Algorithmic-Thinking-Python/dp/8192107590/ref=zg_bs_g_1318108031_d_sccl_8/000-0000000-0000000?psc=1
2350,Masala Lab,Ashok Krish,"Crafts, Home & Lifestyle","Food, Drink & Entertaining",Paperback,₹259.00,4.5,2487,https://www.amazon.in/Masala-Lab-Science-Indian-Cooking/dp/0143451375/ref=zg_bs_g_1318120031_d_sccl_1/000-0000000-0000000?psc=1
2351,WHEAT LESS A GUIDE TO A GLUTEN FREE LIFE,Ryan Fernando,"Crafts, Home & Lifestyle","Food, Drink & Entertaining",Paperback,₹158.00,4.4,42,https://www.amazon.in/WHEAT-LESS-GUIDE-GLUTEN-FREE/dp/935702204X/ref=zg_bs_g_1318120031_d_sccl_2/000-0000000-0000000?psc=1
2352,The Sattvik Kitchen: The Art and Science of Healthy Living,Dr Hansaji Yogendra,"Crafts, Home & Lifestyle","Food, Drink & Entertaining",Paperback,₹428.00,5,17,https://www.amazon.in/Sattvik-Kitchen-Science-Healthy-Living/dp/9357029931/ref=zg_bs_g_1318120031_d_sccl_3/000-0000000-0000000?psc=1
2353,Indian Superfoods,RUJUTA DIWEKAR,"Crafts, Home & Lifestyle","Food, Drink & Entertaining",Paperback,₹206.00,4.4,2037,https://www.amazon.in/Indian-Superfoods-RUJUTA-DIWEKAR/dp/8193237234/ref=zg_bs_g_1318120031_d_sccl_4/000-0000000-0000000?psc=1
2354,"JOYFULL: Cook Effortlessly, Eat Freely, Live Radiantly",Radhi Devlukia-Shetty,"Crafts, Home & Lifestyle","Food, Drink & Entertaining",Paperback,"₹1,019.00",0,0,https://www.amazon.in/JOYFULL-Cook-Effortlessly-Freely-Radiantly/dp/0008618747/ref=zg_bs_g_1318120031_d_sccl_5/000-0000000-0000000?psc=1
2355,Rogi Swayam Chikitsak;Part 1 [Paperback] Vag Bhatt Ji,Vag Bhatt,"Crafts, Home & Lifestyle","Food, Drink & Entertaining",Paperback,₹73.00,4.3,1311,https://www.amazon.in/Rogi-Swayam-Chikitsak-Part-1/dp/B073BM727J/ref=zg_bs_g_1318120031_d_sccl_6/000-0000000-0000000?psc=1
2356,My Life in Full,INDRA NOOYI,"Crafts, Home & Lifestyle","Food, Drink & Entertaining",Paperback,₹324.00,4.6,3546,https://www.amazon.in/My-Life-Full-INDRA-NOOYI/dp/9389253837/ref=zg_bs_g_1318120031_d_sccl_7/000-0000000-0000000?psc=1
2650,The Hidden Hindu,Akshat Gupta,"Crime, Thriller & Mystery",Thrillers and Suspense,Paperback,₹159.00,4.4,3346,https://www.amazon.in/Hidden-Hindu-Akshat-Gupta/dp/0143455699/ref=zg_bs_g_22960213031_d_sccl_1/000-0000000-0000000?psc=1
2651,The Perfect Murder,Ruskin Bond,"Crime, Thriller & Mystery",Thrillers and Suspense,Kindle Edition,₹149.47,3.9,1727,https://www.amazon.in/Perfect-Murder-Ruskin-Bond-ebook/dp/B01MY09C7U/ref=zg_bs_g_22960213031_d_sccl_2/000-0000000-0000000?psc=1
2652,"THE SILENT PATIENT [Paperback] Michaelides, Alex",Alex Michaelides,"Crime, Thriller & Mystery",Thrillers and Suspense,Paperback,₹271.00,4.5,291822,https://www.amazon.in/Silent-Patient-Alex-Michaelides/dp/1409181634/ref=zg_bs_g_22960213031_d_sccl_3/000-0000000-0000000?psc=1
2653,The Hidden Hindu Book 2,Akshat Gupta,"Crime, Thriller & Mystery",Thrillers and Suspense,Paperback,₹220.00,4.6,1790,https://www.amazon.in/Hidden-Hindu-2-Akshat-Gupta/dp/0143456547/ref=zg_bs_g_22960213031_d_sccl_4/000-0000000-0000000?psc=1
2654,"Best Books Series Set of 3 Hidden Hindu Triology | The Hidden Hindu + The Hidden Hindu 2 + The Hidden Hindu 3 | Saat Chiranjeevi ""सात चिरंजीवी"" Book in Hindi by Akshat Gupta- PB",Akshat Gupta,"Crime, Thriller & Mystery",Thrillers and Suspense,Paperback,₹499.00,4.2,160,https://www.amazon.in/Hidden-Triology-Chiranjeevi-%E0%A4%9A%E0%A4%BF%E0%A4%B0%E0%A4%82%E0%A4%9C%E0%A5%80%E0%A4%B5%E0%A5%80-Akshat/dp/B0CK3Y94R9/ref=zg_bs_g_22960213031_d_sccl_5/000-0000000-0000000?psc=1
2655,"VERITY [Paperback] Hoover, Colleen",Colleen Hoover,"Crime, Thriller & Mystery",Thrillers and Suspense,Paperback,₹170.00,4.3,270151,https://www.amazon.in/VERITY-Paperback-Hoover-Colleen/dp/1408726602/ref=zg_bs_g_22960213031_d_sccl_6/000-0000000-0000000?psc=1
2656,Crime And Punishment,Fyodor Dostoyevsky,"Crime, Thriller & Mystery",Thrillers and Suspense,Paperback,₹239.00,4.5,13869,https://www.amazon.in/Crime-Punishment-Fyodor-Dostoyevsky/dp/9386538059/ref=zg_bs_g_22960213031_d_sccl_7/000-0000000-0000000?psc=1
2657,THE HOUSEMAID,Freida Mcfadden,"Crime, Thriller & Mystery",Thrillers and Suspense,Paperback,₹323.00,4.3,242023,https://www.amazon.in/HOUSEMAID-Freida-Mcfadden/dp/014346115X/ref=zg_bs_g_22960213031_d_sccl_8/000-0000000-0000000?psc=1
2658,"That Night: Four Friends, Twenty Years,",Nidhi Upadhyay,"Crime, Thriller & Mystery",Thrillers and Suspense,Paperback,₹164.00,4.3,2620,https://www.amazon.in/That-Night-Friends-Haunting-Secret/dp/0143451871/ref=zg_bs_g_22960213031_d_sccl_9/000-0000000-0000000?psc=1
2700,Objective Electrical Technology,VK Mehta,Engineering,Electrical & Electronic Engineering,Paperback,₹580.00,4.2,128,https://www.amazon.in/Objective-Electrical-Technology-Rohit-Mehta/dp/9355014465/ref=zg_bs_g_4149474031_d_sccl_1/000-0000000-0000000?psc=1
2701,A Handbook for Electrical Engineering (6th Edition),MADE EASY EDITORIAL BOARD,Engineering,Electrical & Electronic Engineering,Paperback,₹367.00,4.3,6,https://www.amazon.in/Handbook-Electrical-Engineering-6th/dp/8119100506/ref=zg_bs_g_4149474031_d_sccl_2/000-0000000-0000000?psc=1
2702,"SIGNALS AND SYSTEMS, 2ND EDN",Oppenheim/Willsky/Hamid,Engineering,Electrical & Electronic Engineering,Paperback,₹515.00,4.4,367,https://www.amazon.in/Signals-Systems-Oppenheim-Willsky-Hamid/dp/9332550239/ref=zg_bs_g_4149474031_d_sccl_3/000-0000000-0000000?psc=1
2703,Design of Analog CMOS Integrated Circuits | 2nd Edition,Behzad Razavi,Engineering,Electrical & Electronic Engineering,Paperback,₹867.00,4.5,416,https://www.amazon.in/Design-Analog-CMOS-Integrated-Circuits/dp/938706784X/ref=zg_bs_g_4149474031_d_sccl_4/000-0000000-0000000?psc=1
2704,"Computer Organization & Architecture, 11e",Stallings,Engineering,Electrical & Electronic Engineering,Paperback,₹753.00,4.6,33,https://www.amazon.in/COMPUTER-ORGANIZATION-ARCHITECTURE-11TH-Stallings/dp/9356061599/ref=zg_bs_g_4149474031_d_sccl_5/000-0000000-0000000?psc=1
2705,Elrctrical Machines,V.K Mehta,Engineering,Electrical & Electronic Engineering,Perfect Paperback,₹399.00,4.4,270,https://www.amazon.in/Principle-Electrical-Machines-V-K-Mehta/dp/8121921910/ref=zg_bs_g_4149474031_d_sccl_6/000-0000000-0000000?psc=1
2706,Open Circuits: The Inner Beauty of Electronic Components,Eric Schlaepfer,Engineering,Electrical & Electronic Engineering,Hardcover,"₹2,726.00",4.8,704,https://www.amazon.in/Open-Circuits-Beauty-Electronic-Components/dp/1718502346/ref=zg_bs_g_4149474031_d_sccl_7/000-0000000-0000000?psc=1
2707,"Data Structures and Algorithms in Python, An Indian Adaptation",Michael T. Goodrich,Engineering,Electrical & Electronic Engineering,Paperback,₹662.00,4.5,226,https://www.amazon.in/Structures-Algorithms-Python-Indian-Adaptation/dp/9354247865/ref=zg_bs_g_4149474031_d_sccl_8/000-0000000-0000000?psc=1
2750,CUET-PG : MA English Entrance Exam Guide,RPH Editorial Board,Exam Preparation,"Arts, Design and Education Exams",Paperback,₹220.00,4.2,173,https://www.amazon.in/CUET-PG-English-Entrance-Exam-Guide/dp/9354771858/ref=zg_bs_g_22934500031_d_sccl_1/000-0000000-0000000?psc=1
2751,CUET-PG: MA/M.Sc Economics (Test Paper Code PGQP44) Entrance Exam Guide,RPH Editorial Board,Exam Preparation,"Arts, Design and Education Exams",Paperback,₹228.00,3.3,17,https://www.amazon.in/CUET-PG-Economics-Paper-PGQP44-Entrance/dp/9354773222/ref=zg_bs_g_22934500031_d_sccl_2/000-0000000-0000000?psc=1
2752,Arihant Maharashtra MAH-CET B.Ed Common Entrance Test 2024,Arihant Publication,Exam Preparation,"Arts, Design and Education Exams",Paperback,₹220.00,4,4,https://www.amazon.in/Arihant-Maharashtra-MAH-CET-Common-Entrance/dp/B0C7R8ZLXD/ref=zg_bs_g_22934500031_d_sccl_3/000-0000000-0000000?psc=1
2753,CUET-PG: MA English – Previous Years’ Papers & Practice Papers (Solved),RPH Editorial Board,Exam Preparation,"Arts, Design and Education Exams",Paperback,₹112.00,4.4,71,https://www.amazon.in/CUCET-M-English-Previous-Practice/dp/9354770894/ref=zg_bs_g_22934500031_d_sccl_4/000-0000000-0000000?psc=1
2754,CUET-PG: MA-History/MA-History & Archaeology Entrance Exam Guide,RPH Editorial Board,Exam Preparation,"Arts, Design and Education Exams",Paperback,₹267.00,4.2,56,https://www.amazon.in/CUCET-MA-History-Archaeology-Entrance-Guide/dp/9390744970/ref=zg_bs_g_22934500031_d_sccl_5/000-0000000-0000000?psc=1
2755,CUET-PG: Part-A (General) Entrance Exam Guide (For All CUET-PG Entrance Exams),RPH Editorial Board,Exam Preparation,"Arts, Design and Education Exams",Paperback,₹210.00,3.9,25,https://www.amazon.in/CUET-PG-Part-General-Entrance-Guide/dp/935477332X/ref=zg_bs_g_22934500031_d_sccl_6/000-0000000-0000000?psc=1
2756,CUET-PG: MA - Political Science/Public Administration/Politics & International Relations Entrance Exam Guide,RPH Editorial Board,Exam Preparation,"Arts, Design and Education Exams",Paperback,₹175.00,3.7,94,https://www.amazon.in/CUCET-MA-Political-Administration-International-Relations/dp/935477184X/ref=zg_bs_g_22934500031_d_sccl_7/000-0000000-0000000?psc=1
2757,NTA CUET PG B.Ed Guide 2023 Exam,Arihant Expert,Exam Preparation,"Arts, Design and Education Exams",Paperback,₹294.00,3.6,15,https://www.amazon.in/CUET-B-Ed-Guide-2023-Exam/dp/9388129644/ref=zg_bs_g_22934500031_d_sccl_8/000-0000000-0000000?psc=1
2758,CUET-PG : MA/M.Sc/M.Sc B.Ed Mathematics Entrance Exam Guide,RPH Editorial Board,Exam Preparation,"Arts, Design and Education Exams",Paperback,₹263.00,3.8,50,https://www.amazon.in/CUET-PG-M-Sc-Mathematics-Entrance-Guide/dp/9390744865/ref=zg_bs_g_22934500031_d_sccl_9/000-0000000-0000000?psc=1
2759,Examcart Latest Jharkhand B.ed Combined Entrance Guidebook for 2024 Exam,Examcart Experts,Exam Preparation,"Arts, Design and Education Exams",Paperback,₹175.00,4,23,https://www.amazon.in/Examcart-Jharkhand-Combined-Entrance-Guidebook/dp/9357031294/ref=zg_bs_g_22934500031_d_sccl_10/000-0000000-0000000?psc=1
2950,Harry Potter and the Philosopher's Stone,J.K. Rowling,"Fantasy, Horror & Science Fiction",Fantasy,Kindle Edition,₹313.95,4.7,107802,https://www.amazon.in/Harry-Potter-Philosophers-Stone-Rowling-ebook/dp/B019PIOJYU/ref=zg_bs_g_1318163031_d_sccl_1/000-0000000-0000000?psc=1
2951,The Cruel Prince (The Folk of the Air),Holly Black,"Fantasy, Horror & Science Fiction",Fantasy,Kindle Edition,₹310.78,4.5,41642,https://www.amazon.in/Cruel-Prince-Folk-Air-ebook/dp/B071XQ6H38/ref=zg_bs_g_1318163031_d_sccl_2/000-0000000-0000000?psc=1
2952,Before the Coffee Gets Cold,Toshikazu Kawaguchi,"Fantasy, Horror & Science Fiction",Fantasy,Paperback,₹361.00,4.3,16402,https://www.amazon.in/Before-Coffee-Gets-Toshikazu-Kawaguchi/dp/1035035057/ref=zg_bs_g_1318163031_d_sccl_3/000-0000000-0000000?psc=1
2953,The Kalki Trilogy Set of 3 Books Avatar of Vishnu Eye of Brahma Sword of Shiva,Kevin Missal,"Fantasy, Horror & Science Fiction",Fantasy,Paperback,₹599.00,4.4,195,https://www.amazon.in/Kalki-Trilogy-Set-Books-Avatar/dp/9354407331/ref=zg_bs_g_1318163031_d_sccl_4/000-0000000-0000000?psc=1
3043,The Seven Year Slip: The new laugh-out-loud rom-com from the New York Times bestselling author of THE DEAD ROMANTICS,Ashley Poston,"Fantasy, Horror & Science Fiction",Horror,Kindle Edition,₹463.04,4.4,969,https://www.amazon.in/Seven-Year-Slip-laugh-out-loud-bestselling-ebook/dp/B0BKPKWD3Y/ref=zg_bs_g_1318165031_d_sccl_14/000-0000000-0000000?psc=1
3044,Family Business: A horror full of creeping dread from the mind behind Thirteen Storeys and The Magnus Archives,Jonathan Sims,"Fantasy, Horror & Science Fiction",Horror,Paperback,₹305.15,4.5,209,https://www.amazon.in/Family-Business-creeping-Thirteen-Archives/dp/1473228794/ref=zg_bs_g_1318165031_d_sccl_15/000-0000000-0000000?psc=1
3045,Uff Kolkata । उफ़्फ़ कोलकाता (Hindi Edition),Satya Vyas,"Fantasy, Horror & Science Fiction",Horror,Kindle Edition,₹124.45,4.3,702,https://www.amazon.in/Uff-Kolkata-%E0%A4%89%E0%A4%AB%E0%A4%BC%E0%A5%8D%E0%A4%AB%E0%A4%BC-%E0%A4%95%E0%A5%8B%E0%A4%B2%E0%A4%95%E0%A4%BE%E0%A4%A4%E0%A4%BE-Hindi-ebook/dp/B08QMLYKCT/ref=zg_bs_g_1318165031_d_sccl_16/000-0000000-0000000?psc=1
3046,Metamorphosis (Pocket Classics),Franz Kafka,"Fantasy, Horror & Science Fiction",Horror,Paperback,₹80.00,5,1,https://www.amazon.in/Metamorphosis-Pocket-Classics-Franz-Kafka/dp/8119623037/ref=zg_bs_g_1318165031_d_sccl_17/000-0000000-0000000?psc=1
3047,Mated to the Alpha King (A Royal's Tale Book 1),Jennise K,"Fantasy, Horror & Science Fiction",Horror,Kindle Edition,₹441.00,4.2,1478,https://www.amazon.in/Mated-Alpha-King-Jennise-K-ebook/dp/B01MQL2WPX/ref=zg_bs_g_1318165031_d_sccl_18/000-0000000-0000000?psc=1
3048,The Haunting of Delhi City: Tales of the Supernatural,Jatin Bhasin,"Fantasy, Horror & Science Fiction",Horror,Kindle Edition,₹171.09,4.1,113,https://www.amazon.in/Haunting-Delhi-City-Tales-Supernatural-ebook/dp/B0BN4MKBX3/ref=zg_bs_g_1318165031_d_sccl_19/000-0000000-0000000?psc=1
3049,Shunya: A Novel,Sri M,"Fantasy, Horror & Science Fiction",Horror,Kindle Edition,₹251.10,4.3,1776,https://www.amazon.in/Shunya-Novel-Sri-M-ebook/dp/B0B5LFVQL7/ref=zg_bs_g_1318165031_d_sccl_20/000-0000000-0000000?psc=1
3050,How to Finish Everything You Start,Jan Yager,"Health, Family & Personal Development",Personal Transformation,Kindle Edition,₹228.00,4.1,230,https://www.amazon.in/How-Finish-Everything-You-Start-ebook/dp/B07MB1C99V/ref=zg_bs_g_1318132031_d_sccl_1/000-0000000-0000000?psc=1
3051,Atomic Habits,James Clear,"Health, Family & Personal Development",Personal Transformation,Paperback,₹510.00,4.6,90104,https://www.amazon.in/Atomic-Habits-James-Clear/dp/1847941834/ref=zg_bs_g_1318132031_d_sccl_2/000-0000000-0000000?psc=1
3052,The Power of Your Subconscious Mind: Original Edition | Premium Paperback,Joseph Murphy,"Health, Family & Personal Development",Personal Transformation,Paperback,₹115.00,4.5,81265,https://www.amazon.in/Power-Your-Subconscious-Mind/dp/8194790832/ref=zg_bs_g_1318132031_d_sccl_3/000-0000000-0000000?psc=1
3053,Ikigai,Francesc Miralles,"Health, Family & Personal Development",Personal Transformation,Hardcover,₹368.00,4.6,52889,https://www.amazon.in/Ikigai-H%C3%A9ctor-Garc%C3%ADa/dp/178633089X/ref=zg_bs_g_1318132031_d_sccl_4/000-0000000-0000000?psc=1
3054,"Understanding Body Language: How to Decode Nonverbal Communication in Life, Love, and Work",Scott  Rouse,"Health, Family & Personal Development",Personal Transformation,Kindle Edition,₹215.00,4.5,1292,https://www.amazon.in/Understanding-Body-Language-Nonverbal-Communication-ebook/dp/B08PHGDPY7/ref=zg_bs_g_1318132031_d_sccl_5/000-0000000-0000000?psc=1
3055,The 7 Habits of Highly Effective People: Infographics Edition: Powerful Lessons in Personal Change,Stephen R. Covey,"Health, Family & Personal Development",Personal Transformation,Kindle Edition,₹136.78,4.5,18213,https://www.amazon.in/Habits-Highly-Effective-People-Powerful-ebook/dp/B01069X4H0/ref=zg_bs_g_1318132031_d_sccl_6/000-0000000-0000000?psc=1
3056,The Psychology of Money,Morgan Housel,"Health, Family & Personal Development",Personal Transformation,Paperback,₹275.00,4.6,59634,https://www.amazon.in/Psychology-Money-Morgan-Housel/dp/9390166268/ref=zg_bs_g_1318132031_d_sccl_7/000-0000000-0000000?psc=1
3057,Don't Believe Everything You Think (English),Joseph Nguyen,"Health, Family & Personal Development",Personal Transformation,Paperback,₹181.00,4.5,4360,https://www.amazon.in/Dont-Believe-Everything-You-Think/dp/935543135X/ref=zg_bs_g_1318132031_d_sccl_8/000-0000000-0000000?psc=1
3058,Atomic Habits: An Easy and Proven Way to Build Good Habits and Break Bad Ones,James Clear,"Health, Family & Personal Development",Personal Transformation,Audible Audiobook,₹820.00,4.6,90104,https://www.amazon.in/Atomic-Habits-Proven-Build-Break/dp/B07J1ZBCZJ/ref=zg_bs_g_1318132031_d_sccl_9/000-0000000-0000000?psc=1
3059,"30 DAYS: Change your habits, Change your life",Marc Reklau,"Health, Family & Personal Development",Personal Transformation,Kindle Edition,₹201.40,4.4,2565,https://www.amazon.in/30-DAYS-Change-your-habits-ebook/dp/B07T1P4H6R/ref=zg_bs_g_1318132031_d_sccl_10/000-0000000-0000000?psc=1
3060,Money Making Skills by Warren Buffet: Money Making Skills by Warren Buffet: A Guide to Building Wealth (Warren Buffett Investment Strategy Book),Prabhat Prakashan,"Health, Family & Personal Development",Personal Transformation,Kindle Edition,₹11.80,4.1,336,https://www.amazon.in/Making-Skills-Buffett-Investment-Strategy-ebook/dp/B08D5XD8R9/ref=zg_bs_g_1318132031_d_sccl_11/000-0000000-0000000?psc=1
3061,How to Win Friends and Influence People : Original Edition | Premium Paperback,Dale Carnegie,"Health, Family & Personal Development",Personal Transformation,Paperback,₹99.00,4.5,88058,https://www.amazon.in/How-Win-Friends-Influence-People/dp/8194790891/ref=zg_bs_g_1318132031_d_sccl_12/000-0000000-0000000?psc=1
3062,"Do It Today: Overcome procrastination, improve productivity and achieve more meaningful things [Paperback] Foroux, Darius",Darius Foroux,"Health, Family & Personal Development",Personal Transformation,Paperback,₹139.00,4.4,8579,https://www.amazon.in/Do-Today-procrastination-productivity-meaningful/dp/0143452126/ref=zg_bs_g_1318132031_d_sccl_13/000-0000000-0000000?psc=1
3063,Breakout Trading Made Easy: Maximize Your Profits with Simple Price Action Strategies,Sunil Gurjar,"Health, Family & Personal Development",Personal Transformation,Paperback,₹299.00,4.8,1408,https://www.amazon.in/Breakout-Trading-Made-Easy-Strategies/dp/8119153987/ref=zg_bs_g_1318132031_d_sccl_14/000-0000000-0000000?psc=1
3064,Make Epic Money,Ankur Warikoo,"Health, Family & Personal Development",Personal Transformation,Hardcover,₹271.00,4.1,36,https://www.amazon.in/Make-Epic-Money-Ankur-Warikoo/dp/0670099813/ref=zg_bs_g_1318132031_d_sccl_15/000-0000000-0000000?psc=1
3065,"The Psychology of Money: Timeless Lessons on Wealth, Greed, and Happiness",Morgan Housel,"Health, Family & Personal Development",Personal Transformation,Audible Audiobook,₹668.00,4.6,59634,https://www.amazon.in/Psychology-Money-Timeless-Lessons-Happiness/dp/B08D9VV926/ref=zg_bs_g_1318132031_d_sccl_16/000-0000000-0000000?psc=1
3066,Meditations,Marcus Aurelius,"Health, Family & Personal Development",Personal Transformation,Paperback,₹99.00,4.3,3149,https://www.amazon.in/Meditations-Marcus-Aurelius/dp/8175994754/ref=zg_bs_g_1318132031_d_sccl_17/000-0000000-0000000?psc=1
3067,You Can,George Matthew Adams,"Health, Family & Personal Development",Personal Transformation,Paperback,₹99.00,4.3,4843,https://www.amazon.in/You-Can-George-Matthew-Adams/dp/9389931843/ref=zg_bs_g_1318132031_d_sccl_18/000-0000000-0000000?psc=1
3068,How to Win Friends and Influence People,Dale Carnegie,"Health, Family & Personal Development",Personal Transformation,Kindle Edition,₹9.00,4.5,88058,https://www.amazon.in/How-Win-Friends-Influence-People-ebook/dp/B08JLM24Q8/ref=zg_bs_g_1318132031_d_sccl_19/000-0000000-0000000?psc=1
3069,Rich Dad Poor Dad: 25th Anniversary Edit,Robert T. Kiyosaki,"Health, Family & Personal Development",Personal Transformation,Paperback,₹399.00,4.5,28063,https://www.amazon.in/Rich-Dad-Poor-Middle-Anniversary/dp/1612681131/ref=zg_bs_g_1318132031_d_sccl_20/000-0000000-0000000?psc=1
3070,"Courage To Be Disliked, The: How to free yourself, change your life and achieve real happiness (Courage To series)",Ichiro Kishimi and Fumitake Koga,"Health, Family & Personal Development",Personal Transformation,Hardcover,₹334.00,4.5,12730,https://www.amazon.in/Courage-Be-Disliked-yourself-happiness/dp/1760630721/ref=zg_bs_g_1318132031_d_sccl_21/000-0000000-0000000?psc=1
3071,How to Talk to Anyone: 92 Little Tricks for Big Success in Relationships,Leil Lowndes,"Health, Family & Personal Development",Personal Transformation,Audible Audiobook,₹844.00,4.4,12532,https://www.amazon.in/How-Talk-Anyone-Success-Relationships/dp/B079TJV5ZP/ref=zg_bs_g_1318132031_d_sccl_22/000-0000000-0000000?psc=1
3072,How to Talk to Anyone: 92 Little Tricks for Big Success in Relationships,Leil Lowndes,"Health, Family & Personal Development",Personal Transformation,Paperback,₹241.00,4.4,12532,https://www.amazon.in/How-Talk-Anyone-Success-Relationships/dp/0007272618/ref=zg_bs_g_1318132031_d_sccl_23/000-0000000-0000000?psc=1
3073,The 5 AM Club,Robin Sharma,"Health, Family & Personal Development",Personal Transformation,Paperback,₹240.00,4.5,31455,https://www.amazon.in/AM-Club-Your-Morning-Elevate/dp/9387944891/ref=zg_bs_g_1318132031_d_sccl_24/000-0000000-0000000?psc=1
3074,"Energize Your Mind : Learn the Art of Mastering Your Thoughts, Feelings and Emotions",Gaur Gopal Das,"Health, Family & Personal Development",Personal Transformation,Paperback,₹215.00,4.6,3306,https://www.amazon.in/Energize-Your-Mind-Mastering-Thoughts/dp/0143442287/ref=zg_bs_g_1318132031_d_sccl_25/000-0000000-0000000?psc=1
3075,THINK AND GROW RICH (PB),Napoleon Hill,"Health, Family & Personal Development",Personal Transformation,Paperback,₹99.00,4.4,74253,https://www.amazon.in/Think-Grow-Rich-Napoleon-Hill/dp/9353338158/ref=zg_bs_g_1318132031_d_sccl_26/000-0000000-0000000?psc=1
3076,THE 48 LAWS OF POWER,Robert Greene,"Health, Family & Personal Development",Personal Transformation,Paperback,₹559.00,4.6,19331,https://www.amazon.in/Laws-Power-Robert-Greene-Collection/dp/1861972784/ref=zg_bs_g_1318132031_d_sccl_27/000-0000000-0000000?psc=1
3077,Lucent General Knowledge - New Reduced Price Ediiton - 13th - Edition for 2024 Exams and Increased Number of Pages (458 Pages) - [Original Copy Only - ENGLISH MEDIUM],Binay Karna,"Health, Family & Personal Development",Personal Transformation,Perfect Paperback,₹236.00,4.2,45,https://www.amazon.in/Lucent-General-Knowledge-Increased-Original/dp/B0CK5YGS41/ref=zg_bs_g_1318132031_d_sccl_28/000-0000000-0000000?psc=1
3078,The Power of A Positive Attitude: Your Road To Success,Roger Fritz,"Health, Family & Personal Development",Personal Transformation,Paperback,₹99.00,4.4,4421,https://www.amazon.in/Power-Positive-Attitude-Your-Success/dp/9389432642/ref=zg_bs_g_1318132031_d_sccl_29/000-0000000-0000000?psc=1
3079,Ikigai: The Japanese Secret to a Long and Happy Life,Héctor García,"Health, Family & Personal Development",Personal Transformation,Audible Audiobook,₹615.00,4.6,52889,https://www.amazon.in/Ikigai-Japanese-Secret-Long-Happy/dp/B0759S1XZQ/ref=zg_bs_g_1318132031_d_sccl_30/000-0000000-0000000?psc=1
3080,Aapke Avchetan Mann Ki Shakti (The Power Of Your Subconscious Mind In Hindi),Joseph Murphy,"Health, Family & Personal Development",Personal Transformation,Paperback,₹99.00,4.4,14114,https://www.amazon.in/Avchetan-Shakti-Power-Subconscious-Hindi/dp/8175993669/ref=zg_bs_g_1318132031_d_sccl_1/000-0000000-0000000?psc=1
3081,Don't Believe Everything You Think: Why Your Thinking Is the Beginning & End of Suffering,Joseph Nguyen,"Health, Family & Personal Development",Personal Transformation,Audible Audiobook,₹233.00,4.5,4360,https://www.amazon.in/Dont-Believe-Everything-You-Think/dp/B09XVK5493/ref=zg_bs_g_1318132031_d_sccl_2/000-0000000-0000000?psc=1
3082,Man's Search For Meaning: The classic tribute to hope from the Holocaust,Victor E. Frankl,"Health, Family & Personal Development",Personal Transformation,Paperback,₹206.00,4.5,84339,https://www.amazon.in/Mans-Search-Meaning-Viktor-Frankl/dp/1846041244/ref=zg_bs_g_1318132031_d_sccl_3/000-0000000-0000000?psc=1
3083,The Art of Laziness: Overcome Procrastination & Improve Your Productivity,Library Mindset,"Health, Family & Personal Development",Personal Transformation,Paperback,₹179.00,4.4,781,https://www.amazon.in/Art-Laziness-Overcome-Procrastination-Productivity/dp/B0CPY66W3M/ref=zg_bs_g_1318132031_d_sccl_4/000-0000000-0000000?psc=1
3084,"Same As Ever: Timeless Lessons on Risk, Opportunity and Living a Good Life",Morgan Housel,"Health, Family & Personal Development",Personal Transformation,Paperback,₹297.00,4.4,1473,https://www.amazon.in/Same-As-Ever-Timeless-Opportunity/dp/1804090948/ref=zg_bs_g_1318132031_d_sccl_5/000-0000000-0000000?psc=1
3085,"Think Straight: Change your thoughts, Change your life [Paperback] Foroux, Darius",Darius Foroux,"Health, Family & Personal Development",Personal Transformation,Paperback,₹139.00,4.2,13062,https://www.amazon.in/Think-Straight-Change-your-thoughts/dp/0143452134/ref=zg_bs_g_1318132031_d_sccl_6/000-0000000-0000000?psc=1
3086,"The Art of Being Alone: Loneliness Was My Cage, Solitude Is My Home",Renuka Gavrani,"Health, Family & Personal Development",Personal Transformation,Paperback,₹192.00,4.4,598,https://www.amazon.in/Art-Being-Alone-Loneliness-Solitude/dp/9355434022/ref=zg_bs_g_1318132031_d_sccl_7/000-0000000-0000000?psc=1
3087,Life is Short And So Is This Book: Brief Thoughts On Making The Most Of Your Life,Peter Atkins,"Health, Family & Personal Development",Personal Transformation,Kindle Edition,₹210.00,4.3,2813,https://www.amazon.in/Life-Short-So-This-Book-ebook/dp/B004R9QIO2/ref=zg_bs_g_1318132031_d_sccl_8/000-0000000-0000000?psc=1
3088,Master Your Thinking: A Practical Guide to Align Yourself with Reality and Achieve Tangible Results in the Real World (Mastery Series Book 5),Thibaut Meurisse,"Health, Family & Personal Development",Personal Transformation,Kindle Edition,₹223.00,4.5,640,https://www.amazon.in/Master-Your-Thinking-Practical-Yourself-ebook/dp/B0874WBM3D/ref=zg_bs_g_1318132031_d_sccl_9/000-0000000-0000000?psc=1
3089,Rich Dad Poor Dad - 20Th Anniversary Edition - Hindi,Robert Kiyosaki,"Health, Family & Personal Development",Personal Transformation,Paperback,₹322.00,4.5,16061,https://www.amazon.in/Rich-Dad-Poor-Robert-Kiyosaki/dp/8186775218/ref=zg_bs_g_1318132031_d_sccl_10/000-0000000-0000000?psc=1
3090,"Thinking, Fast & Slow (L)",Daniel Kahneman,"Health, Family & Personal Development",Personal Transformation,Paperback,₹464.00,4.5,29338,https://www.amazon.in/Thinking-Fast-Penguin-Press-Non-Fiction/dp/0141033576/ref=zg_bs_g_1318132031_d_sccl_11/000-0000000-0000000?psc=1
3091,The Monk Who Sold His Ferrari,Robin Sharma,"Health, Family & Personal Development",Personal Transformation,Paperback,₹185.95,4.5,33315,https://www.amazon.in/Monk-Who-Sold-His-Ferrari/dp/817992162X/ref=zg_bs_g_1318132031_d_sccl_12/000-0000000-0000000?psc=1
3092,"Spiritual Anatomy: Meditation, Chakras, and the Journey to the Center",Daaji Kamlesh D. Patel,"Health, Family & Personal Development",Personal Transformation,Hardcover,₹324.00,4.8,100,https://www.amazon.in/Spiritual-Anatomy-Meditation-Chakras-Journey/dp/9356997799/ref=zg_bs_g_1318132031_d_sccl_13/000-0000000-0000000?psc=1
3093,Manifest,Roxie Nafousi,"Health, Family & Personal Development",Personal Transformation,Hardcover,₹334.00,4.6,3641,https://www.amazon.in/Manifest-Sunday-Times-bestseller-change/dp/0241539595/ref=zg_bs_g_1318132031_d_sccl_14/000-0000000-0000000?psc=1
3094,LIFES AMAZING SECRETS,Gaur Gopal Das,"Health, Family & Personal Development",Personal Transformation,Paperback,₹207.00,4.6,23161,https://www.amazon.in/LIFES-AMAZING-SECRETS-Gaur-Gopal/dp/0143442295/ref=zg_bs_g_1318132031_d_sccl_15/000-0000000-0000000?psc=1
3095,Attitude Is Everything: Change Your Attitude ... Change Your Life!,Jeff Keller,"Health, Family & Personal Development",Personal Transformation,Paperback,₹157.00,4.5,24554,https://www.amazon.in/Attitude-Everything-Change-Your-Life/dp/9351772071/ref=zg_bs_g_1318132031_d_sccl_16/000-0000000-0000000?psc=1
3096,"The Courage to Be Disliked : How to Free Yourself, Change Your Life and Achieve Real Happiness",Fumitake Koga,"Health, Family & Personal Development",Personal Transformation,Audible Audiobook,"₹1,063.00",4.5,12730,https://www.amazon.in/Courage-Be-Disliked-Yourself-Happiness/dp/B079MBMBJK/ref=zg_bs_g_1318132031_d_sccl_17/000-0000000-0000000?psc=1
3097,The Subtle Art of Not Giving a F*ck: A Counterintuitive Approach to Living a Good Life,Mark Manson,"Health, Family & Personal Development",Personal Transformation,Audible Audiobook,"₹1,238.00",4.5,141395,https://www.amazon.in/Subtle-Art-Not-Giving-Counterintuitive/dp/B079BN6M71/ref=zg_bs_g_1318132031_d_sccl_18/000-0000000-0000000?psc=1
3098,YOU ONLY LIVE ONCE,STUTI CHANGLE,"Health, Family & Personal Development",Personal Transformation,Paperback,₹164.00,4.4,3796,https://www.amazon.in/ONLY-LIVE-ONCE-STUTI-CHANGLE/dp/0143453580/ref=zg_bs_g_1318132031_d_sccl_19/000-0000000-0000000?psc=1
3099,"Atomic Habits: Chote Badlav, Asadharan Parinaam - Hindi",Sudhir Dixit,"Health, Family & Personal Development",Personal Transformation,Paperback,₹244.00,4.5,3470,https://www.amazon.in/Atomic-Habits-Badlav-Asadharan-Parinaam/dp/939008525X/ref=zg_bs_g_1318132031_d_sccl_20/000-0000000-0000000?psc=1
3100,How to Finish Everything You Start,Jan Yager,"Health, Family & Personal Development",Self-Help,Kindle Edition,₹228.00,4.1,230,https://www.amazon.in/How-Finish-Everything-You-Start-ebook/dp/B07MB1C99V/ref=zg_bs_g_23033695031_d_sccl_1/000-0000000-0000000?psc=1
3101,Atomic Habits,James Clear,"Health, Family & Personal Development",Self-Help,Paperback,₹510.00,4.6,90104,https://www.amazon.in/Atomic-Habits-James-Clear/dp/1847941834/ref=zg_bs_g_23033695031_d_sccl_2/000-0000000-0000000?psc=1
3102,The Power of Your Subconscious Mind: Original Edition | Premium Paperback,Joseph Murphy,"Health, Family & Personal Development",Self-Help,Paperback,₹115.00,4.5,81265,https://www.amazon.in/Power-Your-Subconscious-Mind/dp/8194790832/ref=zg_bs_g_23033695031_d_sccl_3/000-0000000-0000000?psc=1
3103,Ikigai,Francesc Miralles,"Health, Family & Personal Development",Self-Help,Hardcover,₹368.00,4.6,52889,https://www.amazon.in/Ikigai-H%C3%A9ctor-Garc%C3%ADa/dp/178633089X/ref=zg_bs_g_23033695031_d_sccl_4/000-0000000-0000000?psc=1
3104,"Understanding Body Language: How to Decode Nonverbal Communication in Life, Love, and Work",Scott  Rouse,"Health, Family & Personal Development",Self-Help,Kindle Edition,₹215.00,4.5,1292,https://www.amazon.in/Understanding-Body-Language-Nonverbal-Communication-ebook/dp/B08PHGDPY7/ref=zg_bs_g_23033695031_d_sccl_5/000-0000000-0000000?psc=1
3105,The 7 Habits of Highly Effective People: Infographics Edition: Powerful Lessons in Personal Change,Stephen R. Covey,"Health, Family & Personal Development",Self-Help,Kindle Edition,₹136.78,4.5,18213,https://www.amazon.in/Habits-Highly-Effective-People-Powerful-ebook/dp/B01069X4H0/ref=zg_bs_g_23033695031_d_sccl_6/000-0000000-0000000?psc=1
3106,Don't Believe Everything You Think (English),Joseph Nguyen,"Health, Family & Personal Development",Self-Help,Paperback,₹181.00,4.5,4360,https://www.amazon.in/Dont-Believe-Everything-You-Think/dp/935543135X/ref=zg_bs_g_23033695031_d_sccl_7/000-0000000-0000000?psc=1
3107,"30 DAYS: Change your habits, Change your life",Marc Reklau,"Health, Family & Personal Development",Self-Help,Kindle Edition,₹201.40,4.4,2565,https://www.amazon.in/30-DAYS-Change-your-habits-ebook/dp/B07T1P4H6R/ref=zg_bs_g_23033695031_d_sccl_8/000-0000000-0000000?psc=1
3108,The Power of Your Subconscious Mind,Joseph Murphy,"Health, Family & Personal Development",Self-Help,Paperback,₹99.00,4.5,81265,https://www.amazon.in/Power-Your-Subconscious-Mind-Success/dp/8172345666/ref=zg_bs_g_23033695031_d_sccl_9/000-0000000-0000000?psc=1
3109,How to Win Friends and Influence People : Original Edition | Premium Paperback,Dale Carnegie,"Health, Family & Personal Development",Self-Help,Paperback,₹99.00,4.5,88058,https://www.amazon.in/How-Win-Friends-Influence-People/dp/8194790891/ref=zg_bs_g_23033695031_d_sccl_10/000-0000000-0000000?psc=1
3110,"Do It Today: Overcome procrastination, improve productivity and achieve more meaningful things [Paperback] Foroux, Darius",Darius Foroux,"Health, Family & Personal Development",Self-Help,Paperback,₹139.00,4.4,8579,https://www.amazon.in/Do-Today-procrastination-productivity-meaningful/dp/0143452126/ref=zg_bs_g_23033695031_d_sccl_11/000-0000000-0000000?psc=1
3111,Make Epic Money,Ankur Warikoo,"Health, Family & Personal Development",Self-Help,Hardcover,₹271.00,4.1,36,https://www.amazon.in/Make-Epic-Money-Ankur-Warikoo/dp/0670099813/ref=zg_bs_g_23033695031_d_sccl_12/000-0000000-0000000?psc=1
3112,11 Rules For Life: Secrets to Level Up,Chetan Bhagat,"Health, Family & Personal Development",Self-Help,Paperback,₹189.00,0,0,https://www.amazon.in/11-Rules-Life-Secrets-Level/dp/935699997X/ref=zg_bs_g_23033695031_d_sccl_13/000-0000000-0000000?psc=1
3113,You Can,George Matthew Adams,"Health, Family & Personal Development",Self-Help,Paperback,₹99.00,4.3,4843,https://www.amazon.in/You-Can-George-Matthew-Adams/dp/9389931843/ref=zg_bs_g_23033695031_d_sccl_14/000-0000000-0000000?psc=1
3114,How to Win Friends and Influence People,Dale Carnegie,"Health, Family & Personal Development",Self-Help,Kindle Edition,₹9.00,4.5,88058,https://www.amazon.in/How-Win-Friends-Influence-People-ebook/dp/B08JLM24Q8/ref=zg_bs_g_23033695031_d_sccl_15/000-0000000-0000000?psc=1
3115,Rich Dad Poor Dad: 25th Anniversary Edit,Robert T. Kiyosaki,"Health, Family & Personal Development",Self-Help,Paperback,₹399.00,4.5,28063,https://www.amazon.in/Rich-Dad-Poor-Middle-Anniversary/dp/1612681131/ref=zg_bs_g_23033695031_d_sccl_16/000-0000000-0000000?psc=1
3116,"Courage To Be Disliked, The: How to free yourself, change your life and achieve real happiness (Courage To series)",Ichiro Kishimi and Fumitake Koga,"Health, Family & Personal Development",Self-Help,Hardcover,₹334.00,4.5,12730,https://www.amazon.in/Courage-Be-Disliked-yourself-happiness/dp/1760630721/ref=zg_bs_g_23033695031_d_sccl_17/000-0000000-0000000?psc=1
3117,How to Talk to Anyone: 92 Little Tricks for Big Success in Relationships,Leil Lowndes,"Health, Family & Personal Development",Self-Help,Audible Audiobook,₹844.00,4.4,12532,https://www.amazon.in/How-Talk-Anyone-Success-Relationships/dp/B079TJV5ZP/ref=zg_bs_g_23033695031_d_sccl_18/000-0000000-0000000?psc=1
3118,How to Talk to Anyone: 92 Little Tricks for Big Success in Relationships,Leil Lowndes,"Health, Family & Personal Development",Self-Help,Paperback,₹241.00,4.4,12532,https://www.amazon.in/How-Talk-Anyone-Success-Relationships/dp/0007272618/ref=zg_bs_g_23033695031_d_sccl_19/000-0000000-0000000?psc=1
3119,"Energize Your Mind : Learn the Art of Mastering Your Thoughts, Feelings and Emotions",Gaur Gopal Das,"Health, Family & Personal Development",Self-Help,Paperback,₹215.00,4.6,3306,https://www.amazon.in/Energize-Your-Mind-Mastering-Thoughts/dp/0143442287/ref=zg_bs_g_23033695031_d_sccl_20/000-0000000-0000000?psc=1
3120,THINK AND GROW RICH (PB),Napoleon Hill,"Health, Family & Personal Development",Self-Help,Paperback,₹99.00,4.4,74253,https://www.amazon.in/Think-Grow-Rich-Napoleon-Hill/dp/9353338158/ref=zg_bs_g_23033695031_d_sccl_21/000-0000000-0000000?psc=1
3121,THE 48 LAWS OF POWER,Robert Greene,"Health, Family & Personal Development",Self-Help,Paperback,₹559.00,4.6,19331,https://www.amazon.in/Laws-Power-Robert-Greene-Collection/dp/1861972784/ref=zg_bs_g_23033695031_d_sccl_22/000-0000000-0000000?psc=1
3122,The Power of A Positive Attitude: Your Road To Success,Roger Fritz,"Health, Family & Personal Development",Self-Help,Paperback,₹99.00,4.4,4421,https://www.amazon.in/Power-Positive-Attitude-Your-Success/dp/9389432642/ref=zg_bs_g_23033695031_d_sccl_23/000-0000000-0000000?psc=1
3123,Ikigai: The Japanese Secret to a Long and Happy Life,Héctor García,"Health, Family & Personal Development",Self-Help,Audible Audiobook,₹615.00,4.6,52889,https://www.amazon.in/Ikigai-Japanese-Secret-Long-Happy/dp/B0759S1XZQ/ref=zg_bs_g_23033695031_d_sccl_24/000-0000000-0000000?psc=1
3124,World’s Greatest Books For Personal Growth & Wealth (Set of 4 Books) : Perfect Motivational Gift Set,Dale Carnegie,"Health, Family & Personal Development",Self-Help,Paperback,₹339.00,4.5,25779,https://www.amazon.in/Worlds-Greatest-Personal-Growth-Wealth/dp/9389432014/ref=zg_bs_g_23033695031_d_sccl_25/000-0000000-0000000?psc=1
3125,Don't Believe Everything You Think: Why Your Thinking Is the Beginning & End of Suffering,Joseph Nguyen,"Health, Family & Personal Development",Self-Help,Audible Audiobook,₹233.00,4.5,4360,https://www.amazon.in/Dont-Believe-Everything-You-Think/dp/B09XVK5493/ref=zg_bs_g_23033695031_d_sccl_26/000-0000000-0000000?psc=1
3126,The Art of Laziness: Overcome Procrastination & Improve Your Productivity,Library Mindset,"Health, Family & Personal Development",Self-Help,Paperback,₹179.00,4.4,781,https://www.amazon.in/Art-Laziness-Overcome-Procrastination-Productivity/dp/B0CPY66W3M/ref=zg_bs_g_23033695031_d_sccl_27/000-0000000-0000000?psc=1
3127,"Same As Ever: Timeless Lessons on Risk, Opportunity and Living a Good Life",Morgan Housel,"Health, Family & Personal Development",Self-Help,Paperback,₹297.00,4.4,1473,https://www.amazon.in/Same-As-Ever-Timeless-Opportunity/dp/1804090948/ref=zg_bs_g_23033695031_d_sccl_28/000-0000000-0000000?psc=1
3128,"Think Straight: Change your thoughts, Change your life [Paperback] Foroux, Darius",Darius Foroux,"Health, Family & Personal Development",Self-Help,Paperback,₹139.00,4.2,13062,https://www.amazon.in/Think-Straight-Change-your-thoughts/dp/0143452134/ref=zg_bs_g_23033695031_d_sccl_29/000-0000000-0000000?psc=1
3129,"The Art of Being Alone: Loneliness Was My Cage, Solitude Is My Home",Renuka Gavrani,"Health, Family & Personal Development",Self-Help,Paperback,₹192.00,4.4,598,https://www.amazon.in/Art-Being-Alone-Loneliness-Solitude/dp/9355434022/ref=zg_bs_g_23033695031_d_sccl_30/000-0000000-0000000?psc=1
3130,Life is Short And So Is This Book: Brief Thoughts On Making The Most Of Your Life,Peter Atkins,"Health, Family & Personal Development",Self-Help,Kindle Edition,₹210.00,4.3,2813,https://www.amazon.in/Life-Short-So-This-Book-ebook/dp/B004R9QIO2/ref=zg_bs_g_23033695031_d_sccl_1/000-0000000-0000000?psc=1
3131,Master Your Thinking: A Practical Guide to Align Yourself with Reality and Achieve Tangible Results in the Real World (Mastery Series Book 5),Thibaut Meurisse,"Health, Family & Personal Development",Self-Help,Kindle Edition,₹223.00,4.5,640,https://www.amazon.in/Master-Your-Thinking-Practical-Yourself-ebook/dp/B0874WBM3D/ref=zg_bs_g_23033695031_d_sccl_2/000-0000000-0000000?psc=1
3132,Rich Dad Poor Dad - 20Th Anniversary Edition - Hindi,Robert Kiyosaki,"Health, Family & Personal Development",Self-Help,Paperback,₹322.00,4.5,16061,https://www.amazon.in/Rich-Dad-Poor-Robert-Kiyosaki/dp/8186775218/ref=zg_bs_g_23033695031_d_sccl_3/000-0000000-0000000?psc=1
3133,"Spiritual Anatomy: Meditation, Chakras, and the Journey to the Center",Daaji Kamlesh D. Patel,"Health, Family & Personal Development",Self-Help,Hardcover,₹324.00,4.8,100,https://www.amazon.in/Spiritual-Anatomy-Meditation-Chakras-Journey/dp/9356997799/ref=zg_bs_g_23033695031_d_sccl_4/000-0000000-0000000?psc=1
3134,Manifest,Roxie Nafousi,"Health, Family & Personal Development",Self-Help,Hardcover,₹334.00,4.6,3641,https://www.amazon.in/Manifest-Sunday-Times-bestseller-change/dp/0241539595/ref=zg_bs_g_23033695031_d_sccl_5/000-0000000-0000000?psc=1
3135,LIFES AMAZING SECRETS,Gaur Gopal Das,"Health, Family & Personal Development",Self-Help,Paperback,₹207.00,4.6,23161,https://www.amazon.in/LIFES-AMAZING-SECRETS-Gaur-Gopal/dp/0143442295/ref=zg_bs_g_23033695031_d_sccl_6/000-0000000-0000000?psc=1
3136,Attitude Is Everything: Change Your Attitude ... Change Your Life!,Jeff Keller,"Health, Family & Personal Development",Self-Help,Paperback,₹157.00,4.5,24554,https://www.amazon.in/Attitude-Everything-Change-Your-Life/dp/9351772071/ref=zg_bs_g_23033695031_d_sccl_7/000-0000000-0000000?psc=1
3137,"The Courage to Be Disliked : How to Free Yourself, Change Your Life and Achieve Real Happiness",Fumitake Koga,"Health, Family & Personal Development",Self-Help,Audible Audiobook,"₹1,063.00",4.5,12730,https://www.amazon.in/Courage-Be-Disliked-Yourself-Happiness/dp/B079MBMBJK/ref=zg_bs_g_23033695031_d_sccl_8/000-0000000-0000000?psc=1
3138,The Subtle Art of Not Giving a F*ck: A Counterintuitive Approach to Living a Good Life,Mark Manson,"Health, Family & Personal Development",Self-Help,Audible Audiobook,"₹1,238.00",4.5,141395,https://www.amazon.in/Subtle-Art-Not-Giving-Counterintuitive/dp/B079BN6M71/ref=zg_bs_g_23033695031_d_sccl_9/000-0000000-0000000?psc=1
3139,YOU ONLY LIVE ONCE,STUTI CHANGLE,"Health, Family & Personal Development",Self-Help,Paperback,₹164.00,4.4,3796,https://www.amazon.in/ONLY-LIVE-ONCE-STUTI-CHANGLE/dp/0143453580/ref=zg_bs_g_23033695031_d_sccl_10/000-0000000-0000000?psc=1
3140,"Atomic Habits: Chote Badlav, Asadharan Parinaam - Hindi",Sudhir Dixit,"Health, Family & Personal Development",Self-Help,Paperback,₹244.00,4.5,3470,https://www.amazon.in/Atomic-Habits-Badlav-Asadharan-Parinaam/dp/939008525X/ref=zg_bs_g_23033695031_d_sccl_11/000-0000000-0000000?psc=1
3141,The Compound Effect,Darren Hardy,"Health, Family & Personal Development",Self-Help,Paperback,₹239.00,4.6,17727,https://www.amazon.in/Compound-Effect-Darren-Hardy/dp/9390924634/ref=zg_bs_g_23033695031_d_sccl_12/000-0000000-0000000?psc=1
3142,Feel-Good Productivity: How to Do More of What Matters to You,Ali Abdaal,"Health, Family & Personal Development",Self-Help,Audible Audiobook,₹957.00,4.5,1020,https://www.amazon.in/Feel-Good-Productivity-More-What-Matters/dp/B0C37MTQ49/ref=zg_bs_g_23033695031_d_sccl_13/000-0000000-0000000?psc=1
3143,Think and Grow Rich: THE 21st CENTURY EDITION,Napoleon Hill,"Health, Family & Personal Development",Self-Help,Paperback,₹99.00,4.5,5379,https://www.amazon.in/Think-Grow-Rich-21st-CENTURY/dp/9389931525/ref=zg_bs_g_23033695031_d_sccl_14/000-0000000-0000000?psc=1
3144,"Communication Book, The",Mikael Krogerus,"Health, Family & Personal Development",Self-Help,Hardcover,₹198.00,4.2,951,https://www.amazon.in/Communication-Book-Mikael-Krogerus/dp/0241982286/ref=zg_bs_g_23033695031_d_sccl_15/000-0000000-0000000?psc=1
3145,THE POWER OF YOUR SUBCONSCIOUS MIND,Joseph Murphy,"Health, Family & Personal Development",Self-Help,Paperback,₹115.00,4.5,81265,https://www.amazon.in/POWER-YOUR-SUBCONSCIOUS-MIND/dp/935333845X/ref=zg_bs_g_23033695031_d_sccl_16/000-0000000-0000000?psc=1
3146,"The Power of One Thought: Master Your Mind, Master Your Life",BK Shivani,"Health, Family & Personal Development",Self-Help,Paperback,₹203.00,4.8,535,https://www.amazon.in/Power-One-Thought-Master-Your/dp/9356993335/ref=zg_bs_g_23033695031_d_sccl_17/000-0000000-0000000?psc=1
3147,CULTure at Zomato : How to Rewire Your Brain for Greatness,Deepinder Goyal,"Health, Family & Personal Development",Self-Help,Hardcover,₹334.00,4,81,https://www.amazon.in/CULTure-Zomato-Rewire-Brain-Greatness/dp/935345171X/ref=zg_bs_g_23033695031_d_sccl_18/000-0000000-0000000?psc=1
3148,12 Rules for Life : An Antidote to Chaos,Jordan B. Peterson,"Health, Family & Personal Development",Self-Help,Paperback,₹281.00,4.5,69613,https://www.amazon.in/12-Rules-Life-Antidote-Chaos/dp/0141988517/ref=zg_bs_g_23033695031_d_sccl_19/000-0000000-0000000?psc=1
3149,Dale Carnegie’s How to Win Friends and Influence People - English | International Self-Help Bestseller for building Motivation/Inspiration/Leadership | Improve Communication skills and Self confidence | Perfect Guide for Students/Professionals,Dale Carnegie,"Health, Family & Personal Development",Self-Help,Paperback,₹89.00,4.4,592,https://www.amazon.in/Friends-Influence-People-International-Bestseller/dp/8194899133/ref=zg_bs_g_23033695031_d_sccl_20/000-0000000-0000000?psc=1
3550,Man's Search For Meaning: The classic tribute to hope from the Holocaust,Victor E. Frankl,Literature & Fiction,Classic Fiction,Paperback,₹206.00,4.5,84339,https://www.amazon.in/Mans-Search-Meaning-Viktor-Frankl/dp/1846041244/ref=zg_bs_g_1318159031_d_sccl_1/000-0000000-0000000?psc=1
3551,Metamorphosis,Franz Kafka,Literature & Fiction,Classic Fiction,Paperback,₹89.00,4.5,11646,https://www.amazon.in/Metamorphosis-Franz-Kafka/dp/8172345135/ref=zg_bs_g_1318159031_d_sccl_2/000-0000000-0000000?psc=1
3552,Best of Children’s Classic (Set of 5 Books) : Perfect Gift Set for Kids,Antoine de Saint-Exupéry,Literature & Fiction,Classic Fiction,Paperback,₹499.00,4.4,6736,https://www.amazon.in/Best-Childrens-Classics-Set-Books/dp/9389432006/ref=zg_bs_g_1318159031_d_sccl_3/000-0000000-0000000?psc=1
3553,Arthashastra by Kautilya - A Masterpiece on Economic Policies | Ancient Indian Political Philosophy | Hindu Spiritual Wisdom | Timeless Teachings | Practical Guidance | Leadership | Rich Insights from the Vedic Tradition,KAUTILYA,Literature & Fiction,Classic Fiction,Paperback,₹199.00,4.5,1531,https://www.amazon.in/Arthashastra-Kautilya/dp/9354403700/ref=zg_bs_g_1318159031_d_sccl_4/000-0000000-0000000?psc=1
3554,THE POWER OF YOUR SUBCONSCIOUS MIND,Joseph Murphy,Literature & Fiction,Classic Fiction,Paperback,₹115.00,4.5,81265,https://www.amazon.in/POWER-YOUR-SUBCONSCIOUS-MIND/dp/935333845X/ref=zg_bs_g_1318159031_d_sccl_5/000-0000000-0000000?psc=1
3555,1984,George Orwell,Literature & Fiction,Classic Fiction,Paperback,₹99.00,4.5,125234,https://www.amazon.in/1984-George-Orwell/dp/9389053730/ref=zg_bs_g_1318159031_d_sccl_6/000-0000000-0000000?psc=1
3556,The Time Machine,H. G. Wells,Literature & Fiction,Classic Fiction,Paperback,₹99.00,4.4,4532,https://www.amazon.in/Time-Machine-H-G-Wells/dp/8175992956/ref=zg_bs_g_1318159031_d_sccl_7/000-0000000-0000000?psc=1
3557,As a Man Thinketh,James Allen,Literature & Fiction,Classic Fiction,Paperback,₹69.00,4.4,12254,https://www.amazon.in/As-Man-Thinketh-James-Allen/dp/9386538172/ref=zg_bs_g_1318159031_d_sccl_8/000-0000000-0000000?psc=1
3558,Crime And Punishment,Fyodor Dostoyevsky,Literature & Fiction,Classic Fiction,Paperback,₹239.00,4.5,13869,https://www.amazon.in/Crime-Punishment-Fyodor-Dostoyevsky/dp/9386538059/ref=zg_bs_g_1318159031_d_sccl_9/000-0000000-0000000?psc=1
3950,"The Glucose Goddess Method: Your four-week guide to cutting cravings, getting your energy back, and feeling amazing. With 100+ super easy recipes",Jessie Inchauspé,Medicine & Health Sciences,Administration & Policy,Paperback,"₹1,912.00",4.6,2275,https://www.amazon.in/Glucose-Goddess-Method-four-week-cravings/dp/1915780004/ref=zg_bs_g_4149550031_d_sccl_1/000-0000000-0000000?psc=1
3951,"Future Care : Sensors, Artificial Intelligence, and the Reinvention of Medicine",Jag Singh,Medicine & Health Sciences,Administration & Policy,Hardcover,₹669.00,4.5,58,https://www.amazon.in/Future-Care-Artificial-Intelligence-Reinvention/dp/1945564253/ref=zg_bs_g_4149550031_d_sccl_2/000-0000000-0000000?psc=1
3952,Essentials of Community Medicine Practicals,DK Mahabalaraju,Medicine & Health Sciences,Administration & Policy,Paperback,₹799.00,5,2,https://www.amazon.in/Essentials-Community-Medicine-Practicals-Mahabalaraju/dp/935696291X/ref=zg_bs_g_4149550031_d_sccl_3/000-0000000-0000000?psc=1
3953,Manual of Diagnostic Ultrasound,Philip E. S. Palmer,Medicine & Health Sciences,Administration & Policy,Paperback,"₹1,380.00",4.2,74,https://www.amazon.in/Manual-Diagnostic-Ultrasound-Philip-Palmer/dp/9241544619/ref=zg_bs_g_4149550031_d_sccl_4/000-0000000-0000000?psc=1
3954,Pulse to Planet: The Long Lifeline of Human Health,K. Srinath Reddy,Medicine & Health Sciences,Administration & Policy,Paperback,₹389.00,4.7,8,https://www.amazon.in/Pulse-Planet-Lifeline-Human-Health/dp/9356994633/ref=zg_bs_g_4149550031_d_sccl_5/000-0000000-0000000?psc=1
3955,"Unnatural Causes: 'An absolutely brilliant book. I really recommend it, I don't often say that' Jeremy Vine, BBC Radio 2 [Paperback] Shepherd, Richard",Dr Richard Shepherd,Medicine & Health Sciences,Administration & Policy,Paperback,₹883.00,4.6,20609,https://www.amazon.in/Unnatural-Causes-absolutely-brilliant-recommend/dp/1405923539/ref=zg_bs_g_4149550031_d_sccl_6/000-0000000-0000000?psc=1
3956,Pharmacy OSCEs and Competency-based Assessments -1E,Roisin O'Hare,Medicine & Health Sciences,Administration & Policy,Paperback,"₹2,101.00",4.3,44,https://www.amazon.in/Pharmacy-OSCEs-Competency-based-Assessments-Haughey/dp/0702067016/ref=zg_bs_g_4149550031_d_sccl_7/000-0000000-0000000?psc=1
3957,ENT OSCEs: A guide to your first ENT job and passing the MRCS (ENT) OSCE,"Livy Kullar, Peter | Manjaly, Joseph | Kenyon",Medicine & Health Sciences,Administration & Policy,Paperback,"₹3,399.00",5,1,https://www.amazon.in/ENT-OSCEs-guide-passing-MasterPass/dp/1032191732/ref=zg_bs_g_4149550031_d_sccl_8/000-0000000-0000000?psc=1
3958,Office Management,Pillai R.S.N.,Medicine & Health Sciences,Administration & Policy,Paperback,₹240.00,4,21,https://www.amazon.in/Office-Management-Pillai-R-S-N/dp/8121922526/ref=zg_bs_g_4149550031_d_sccl_9/000-0000000-0000000?psc=1
3959,Cardiac Rehabilitation: A practical clinical guide (The European Society of Cardiology Series),Ana Abreu,Medicine & Health Sciences,Administration & Policy,Paperback,"₹4,485.00",4.4,13,https://www.amazon.in/ESC-Handbook-Cardiovascular-Rehabilitation-Cardiology/dp/0198849303/ref=zg_bs_g_4149550031_d_sccl_10/000-0000000-0000000?psc=1
4850,மாயோனின் காரிகை அவள்...! (Tamil Edition),யாஷ் கார்முகில்  Yash Karmugil,Romance,Action & Adventure,Kindle Edition,₹351.00,4.3,71,https://www.amazon.in/%E0%AE%AE%E0%AE%BE%E0%AE%AF%E0%AF%8B%E0%AE%A9%E0%AE%BF%E0%AE%A9%E0%AF%8D-%E0%AE%95%E0%AE%BE%E0%AE%B0%E0%AE%BF%E0%AE%95%E0%AF%88-Tamil-%E0%AE%95%E0%AE%BE%E0%AE%B0%E0%AF%8D%E0%AE%AE%E0%AF%81%E0%AE%95%E0%AE%BF%E0%AE%B2%E0%AF%8D-Karmugil-ebook/dp/B0CVFWG536/ref=zg_bs_g_86208349031_d_sccl_1/000-0000000-0000000?psc=1
4851,மோதும் மோகனங்கள் : Mothum mokanangal (Tamil Edition),ஜெநிஷா  தீன் ,Romance,Action & Adventure,Kindle Edition,₹499.00,3.9,19,https://www.amazon.in/%E0%AE%AE%E0%AF%8B%E0%AE%A4%E0%AF%81%E0%AE%AE%E0%AF%8D-%E0%AE%AE%E0%AF%8B%E0%AE%95%E0%AE%A9%E0%AE%99%E0%AF%8D%E0%AE%95%E0%AE%B3%E0%AF%8D-Mothum-mokanangal-Tamil-ebook/dp/B0CVJ8WKMX/ref=zg_bs_g_86208349031_d_sccl_2/000-0000000-0000000?psc=1
4852,YOU ONLY LIVE ONCE,STUTI CHANGLE,Romance,Action & Adventure,Paperback,₹164.00,4.4,3796,https://www.amazon.in/ONLY-LIVE-ONCE-STUTI-CHANGLE/dp/0143453580/ref=zg_bs_g_86208349031_d_sccl_3/000-0000000-0000000?psc=1
4853,When She Unravels: A Dark Mafia Romance (The Fallen Book 1),Gabrielle Sands,Romance,Action & Adventure,Kindle Edition,₹416.00,4.4,10672,https://www.amazon.in/When-She-Unravels-Romance-Fallen-ebook/dp/B0B75FJH6J/ref=zg_bs_g_86208349031_d_sccl_4/000-0000000-0000000?psc=1
4854,Skin of a Sinner: A Dark Childhood Best Friends Romance,Avina St. Graves,Romance,Action & Adventure,Kindle Edition,₹283.00,4,4808,https://www.amazon.in/Skin-Sinner-Childhood-Friends-Romance-ebook/dp/B0CJFPS4TG/ref=zg_bs_g_86208349031_d_sccl_5/000-0000000-0000000?psc=1
4855,KING: Alliance Series Book Two,S.J. Tilly,Romance,Action & Adventure,Kindle Edition,₹149.00,4.4,14931,https://www.amazon.in/KING-Alliance-Book-S-J-Tilly-ebook/dp/B0C1RXFS3R/ref=zg_bs_g_86208349031_d_sccl_6/000-0000000-0000000?psc=1
4856,Bound by Hatred: Enemies to Lovers Indian Romance,M.V. Kasi,Romance,Action & Adventure,Kindle Edition,₹199.00,4.4,731,https://www.amazon.in/Bound-Hatred-Singham-Bloodlines-Book-ebook/dp/B075FTSG67/ref=zg_bs_g_86208349031_d_sccl_7/000-0000000-0000000?psc=1
4857,உண்மைச் சொன்னால் நேசிப்பாயா?? (முழு தொகுப்பு) (Tamil Edition),யாஷ் கார்முகில்  Yash karmugil ,Romance,Action & Adventure,Kindle Edition,₹500.00,4.3,25,https://www.amazon.in/%E0%AE%89%E0%AE%A3%E0%AF%8D%E0%AE%AE%E0%AF%88%E0%AE%9A%E0%AF%8D-%E0%AE%9A%E0%AF%8A%E0%AE%A9%E0%AF%8D%E0%AE%A9%E0%AE%BE%E0%AE%B2%E0%AF%8D-%E0%AE%A8%E0%AF%87%E0%AE%9A%E0%AE%BF%E0%AE%AA%E0%AF%8D%E0%AE%AA%E0%AE%BE%E0%AE%AF%E0%AE%BE-%E0%AE%A4%E0%AF%8A%E0%AE%95%E0%AF%81%E0%AE%AA%E0%AF%8D%E0%AE%AA%E0%AF%81-Tamil-ebook/dp/B0CR86ZPSP/ref=zg_bs_g_86208349031_d_sccl_8/000-0000000-0000000?psc=1